Protein1,Protein2,Residue1,Residue2,DB,UniqueID
mlp,mlp,49,57,new_Dbp5:endo_DSS,560
mlp,mlp,71,77,new_gle1:new_Dbp5:endo_DSS,561
mlp,mlp,82,77,new_Dbp5:new_gle1,562
mlp,mlp,82,1169,new_gle1,563
mlp,mlp,94,907,new_Dbp5,564
mlp,mlp,105,113,new_Dbp5:endo_DSS,565
mlp,mlp,105,877,new_Dbp5:endo_DSS,566
mlp,mlp,126,135,new_Dbp5:endo_DSS,567
mlp,mlp,134,126,new_Dbp5:endo_DSS,568
mlp,mlp,135,146,new_gle1:new_Dbp5:endo_DSS,569
mlp,mlp,153,146,new_gle1:new_Dbp5:endo_DSS,570
mlp,mlp,221,231,new_Dbp5:endo_DSS,571
mlp,mlp,261,263,new_gle1:new_Dbp5:endo_DSS,572
mlp,mlp,274,263,new_gle1:new_Dbp5:endo_DSS,573
mlp,mlp,299,1236,new_Dbp5,574
mlp,mlp,327,335,new_Dbp5:endo_DSS,575
mlp,mlp,335,351,new_Dbp5:new_gle1,576
mlp,mlp,353,146,new_Dbp5,577
mlp,mlp,353,351,new_Dbp5,578
mlp,mlp,359,351,new_Dbp5:endo_DSS,579
mlp,mlp,462,454,new_Dbp5:endo_DSS,580
mlp,mlp,545,551,new_Dbp5:endo_DSS,581
mlp,mlp,551,559,new_gle1:new_Dbp5:endo_DSS,582
mlp,mlp,559,568,new_Dbp5:endo_DSS,583
mlp,mlp,573,395,new_Dbp5,584
mlp,mlp,590,171,new_Dbp5,585
mlp,mlp,764,757,new_Dbp5,586
mlp,mlp,772,454,new_Dbp5,587
mlp,mlp,772,777,new_Dbp5:endo_DSS,588
mlp,mlp,772,1169,new_Dbp5:endo_DSS,589
mlp,mlp,777,767,new_Dbp5:endo_DSS,590
mlp,mlp,871,877,new_gle1:endo_DSS,591
mlp,mlp,875,877,new_gle1:new_Dbp5:endo_DSS,592
mlp,mlp,913,907,new_Dbp5:endo_DSS,593
mlp,mlp,913,911,new_gle1:endo_DSS,594
mlp,mlp,998,391,new_Dbp5,595
mlp,mlp,1009,1021,new_gle1:new_Dbp5:endo_DSS,596
mlp,mlp,1015,1021,new_Dbp5:endo_DSS,597
mlp,mlp,1072,907,new_Dbp5,598
mlp,mlp,1160,1169,new_Dbp5:endo_DSS,599
mlp,mlp,1188,593,new_Dbp5,600
mlp,mlp,1248,1236,new_Dbp5:endo_DSS,601
mlp,mlp,1276,1188,new_Dbp5,602
mlp,mlp,1402,77,new_gle1,603
mlp,mlp,1466,1477,new_Dbp5:endo_DSS,604
mlp,mlp,1539,1529,new_Dbp5:endo_DSS,605
mlp,mlp,1539,1547,new_gle1:new_Dbp5:endo_DSS,606
mlp,mlp,1553,871,new_Dbp5,607
mlp,mlp,1583,1578,new_gle1:endo_DSS,608
mlp,mlp,1587,1578,new_Dbp5:endo_DSS,609
mlp,mlp,1640,1642,new_Dbp5:endo_DSS,610
mlp,mlp,1642,992,new_gle1,611
mlp,mlp,1642,994,new_gle1,612
mlp,mlp,1648,335,new_Dbp5,613
mlp,mlp,1661,1817,new_Dbp5,614
mlp,mlp,77,73,new_neigh:new_123,615
mlp,mlp,146,147,new_neigh:endo_DSS,616
mlp,mlp,153,147,new_neigh:new_123,617
mlp,mlp,170,152,new_neigh:new_123,618
mlp,mlp,274,1131,new_neigh:endo_DSS,619
mlp,mlp,672,266,new_neigh:new_123,620
mlp,mlp,672,277,new_neigh:new_123,621
mlp,mlp,704,242,new_neigh:endo_DSS,622
mlp,mlp,739,194,new_neigh:new_123,623
mlp,mlp,739,725,new_neigh:new_123,624
mlp,mlp,741,714,new_19,625
mlp,mlp,741,725,new_neigh:new_123,626
mlp,mlp,753,725,new_neigh:new_123,627
mlp,mlp,764,734,new_19,628
mlp,mlp,767,181,new_neigh:new_123,629
mlp,mlp,772,164,new_neigh:new_123,630
mlp,mlp,772,749,new_gle1,631
mlp,mlp,777,152,new_neigh:new_123,632
mlp,mlp,777,164,new_neigh:new_123,633
mlp,mlp,792,147,new_19,634
mlp,mlp,792,152,new_neigh:new_123,635
mlp,mlp,792,756,new_neigh:new_123,636
mlp,mlp,865,836,new_neigh:new_123,637
mlp,mlp,871,842,new_neigh:new_123,638
mlp,mlp,877,842,new_neigh:new_123,639
mlp,mlp,881,862,new_neigh:new_123,640
mlp,mlp,911,862,new_neigh:new_123,641
mlp,mlp,395,368,new_Dbp5:endo_DSS,642
mlp,mlp,777,756,new_neigh:endo_DSS,643
mlp,nup1,234,33,new_gle1,644
mlp,nup1,1583,318,new_19,645
mlp,nup1,1604,392,new_Dbp5,646
mlp,nup145c,545,39,new_neigh:new_123,647
mlp,nup60,559,286,new_neigh:new_123,648
mlp,nup60,568,268,new_neigh:new_123,649
mlp,nup84,454,679,new_neigh:new_123,650
mlp,nup84,454,676,new_neigh:endo_DSS,651
mlp,nup85,545,2,new_neigh:endo_DSS,652
mlp,nup85,559,2,new_neigh:new_123,653
mlp,mlp,194,188,new_Dbp5:endo_DSS,654
mlp,mlp,194,201,new_Dbp5:endo_DSS,655
mlp,mlp,266,119,new_Dbp5,656
mlp,mlp,406,410,new_Dbp5:endo_DSS,657
mlp,mlp,410,749,new_Dbp5,658
mlp,mlp,539,549,new_gle1:endo_DSS,659
mlp,mlp,539,553,new_Dbp5:endo_DSS,660
mlp,mlp,653,1475,new_Dbp5,661
mlp,mlp,734,725,new_Dbp5:endo_DSS,662
mlp,mlp,746,749,new_Dbp5,663
mlp,mlp,756,749,new_gle1:new_Dbp5:endo_DSS,664
mlp,mlp,772,1052,new_Dbp5,665
mlp,mlp,777,33,new_gle1,666
mlp,mlp,781,777,new_Dbp5:new_gle1,667
mlp,mlp,918,749,new_gle1,668
mlp,mlp,926,920,new_Dbp5:endo_DSS,669
mlp,mlp,934,777,new_gle1,670
mlp,mlp,1057,647,new_gle1,671
mlp,mlp,1129,1122,new_Dbp5,672
mlp,mlp,1177,1301,new_Dbp5,673
mlp,mlp,1185,1193,new_gle1:endo_DSS,674
mlp,mlp,1271,1269,new_Dbp5:endo_DSS,675
mlp,mlp,1355,1052,new_Dbp5,676
mlp,mlp,1370,1394,new_Dbp5:endo_DSS,677
mlp,mlp,1387,1370,new_Dbp5:endo_DSS,678
mlp,mlp,1475,102,new_Dbp5,679
mlp,mlp,1475,1469,new_gle1:new_Dbp5:endo_DSS,680
mlp,nup60,466,262,new_neigh:new_123,681
mlp,nup60,539,254,new_19,682
mlp,nup60,539,262,new_neigh:new_123,683
nup1,nup1,283,318,new_Dbp5,684
nup1,nup1,296,283,new_Dbp5:endo_DSS,685
nup1,nup1,323,317,new_Dbp5,686
nup1,nup1,375,228,new_Dbp5,687
nup1,nup1,567,175,new_Dbp5,688
nup1,nup1,568,588,new_Dbp5:endo_DSS,689
nup1,nup1,601,369,new_Dbp5,690
nup1,nup1,680,2,new_Dbp5,691
nup133,mlp,856,454,new_neigh:endo_DSS,692
nup133,nup2,856,431,new_gle1,693
nup145n,nup145c,381,263,new_gle1,694
nup145n,nup145c,535,141,new_Dbp5,695
nup2,nup2,45,40,new_gle1,696
nup2,nup2,62,51,new_Dbp5:endo_DSS,697
nup2,nup2,145,153,new_Dbp5:endo_DSS,698
nup2,nup2,145,428,new_Dbp5,699
nup2,nup2,615,698,new_gle1:endo_DSS,700
nup2,nup2,635,640,new_Dbp5:new_gle1,701
nup2,nup2,698,702,new_gle1:new_Dbp5:endo_DSS,702
nup2,nup60,62,463,new_neigh:new_123,703
nup2,nup60,94,463,new_19,704
nup2,nup60,136,529,new_neigh:endo_DSS,705
nup2,nup60,145,467,new_neigh:new_123,706
nup60,nup60,20,262,new_Dbp5,707
nup60,nup60,254,235,new_gle1:new_Dbp5:endo_DSS,708
nup60,nup60,254,262,new_gle1:endo_DSS,709
nup60,nup60,358,365,new_Dbp5:endo_DSS,710
nup60,nup60,425,440,new_Dbp5:endo_DSS,711
nup60,nup60,447,440,new_gle1:new_Dbp5:endo_DSS,712
nup60,nup60,463,476,new_gle1:endo_DSS,713
nup60,nup85,37,705,new_neigh:new_123,714
nup60,nup85,235,705,new_neigh:new_123,715
nup60,nup85,254,2,new_19,716
nup60,nup85,262,89,new_neigh:new_123,717
nup60,nup85,287,163,new_neigh:new_123,718
nup60,seh1,43,100,new_neigh:new_123,719
nup60,seh1,236,100,new_neigh:endo_DSS,720
nup60,seh1,254,40,new_neigh:new_123,721
nup60,seh1,262,1,new_19,722
nup60,seh1,262,100,new_neigh:new_Dbp5:new_123,723
nup85,nup1,237,497,new_Dbp5,724
nup85,nup2,70,51,new_Dbp5,725
